,Representative,ReportDate,TransactionDate,Ticker,Transaction,Range,House,Amount,Party,last_modified,return_after_trade
999,Markwayne Mullin,2023-10-12,2023-09-13,COP,Purchase,"$15,001 - $50,000",Senate,15001.0,R,2023-10-13,3.0963586665851923
988,Markwayne Mullin,2023-10-12,2023-09-18,COST,Purchase,"$15,001 - $50,000",Senate,15001.0,R,2023-10-13,0.5427644470503971
989,Markwayne Mullin,2023-10-12,2023-09-13,FI,Purchase,"$15,001 - $50,000",Senate,15001.0,R,2023-10-13,-0.17749107889645696
990,Markwayne Mullin,2023-10-12,2023-09-13,NVDA,Purchase,"$15,001 - $50,000",Senate,15001.0,R,2023-10-13,-3.1611516603655296
991,Markwayne Mullin,2023-10-12,2023-09-13,NKE,Purchase,"$15,001 - $50,000",Senate,15001.0,R,2023-10-13,0.6649910953243073
992,Markwayne Mullin,2023-10-12,2023-09-13,GS,Purchase,"$15,001 - $50,000",Senate,15001.0,R,2023-10-13,-0.17751115046391938
998,Markwayne Mullin,2023-10-12,2023-09-13,GOOGL,Purchase,"$15,001 - $50,000",Senate,15001.0,R,2023-10-13,-1.158523851341603
994,Markwayne Mullin,2023-10-12,2023-09-13,SBUX,Purchase,"$15,001 - $50,000",Senate,15001.0,R,2023-10-13,0.06563682912943282
995,Markwayne Mullin,2023-10-12,2023-09-13,SHW,Purchase,"$15,001 - $50,000",Senate,15001.0,R,2023-10-13,-0.8551832096105556
996,Markwayne Mullin,2023-10-12,2023-09-13,TXN,Purchase,"$15,001 - $50,000",Senate,15001.0,R,2023-10-13,-1.4516129032258065
997,Markwayne Mullin,2023-10-12,2023-09-13,MA,Purchase,"$15,001 - $50,000",Senate,15001.0,R,2023-10-13,-0.46761569035471284
993,Markwayne Mullin,2023-10-12,2023-09-13,LRCX,Purchase,"$15,001 - $50,000",Senate,15001.0,R,2023-10-13,-1.5023858747640566
974,Tommy Tuberville,2023-10-13,2023-09-28,KR,Purchase,"$15,001 - $50,000",Senate,15001.0,R,2023-10-15,0.0
975,Tommy Tuberville,2023-10-13,2023-09-20,CLX,Purchase,"$100,001 - $250,000",Senate,100001.0,R,2023-10-15,0.0
977,Tommy Tuberville,2023-10-13,2023-09-18,TXN,Purchase,"$100,001 - $250,000",Senate,100001.0,R,2023-10-15,0.0
982,Tommy Tuberville,2023-10-13,2023-09-15,KMB,Purchase,"$15,001 - $50,000",Senate,15001.0,R,2023-10-15,0.0
983,Tommy Tuberville,2023-10-13,2023-09-14,CLF,Purchase,"$1,001 - $15,000",Senate,1001.0,R,2023-10-15,0.0
984,Tommy Tuberville,2023-10-13,2023-09-14,TXN,Purchase,"$50,001 - $100,000",Senate,50001.0,R,2023-10-15,0.0
981,Tommy Tuberville,2023-10-13,2023-09-18,PARA,Purchase,"$50,001 - $100,000",Senate,50001.0,R,2023-10-15,0.0
972,Shelley Moore Capito,2023-10-14,2023-09-22,ACN,Purchase,"$1,001 - $15,000",Senate,1001.0,R,2023-10-15,0.0
971,Shelley Moore Capito,2023-10-14,2023-09-22,UNH,Purchase,"$1,001 - $15,000",Senate,1001.0,R,2023-10-15,0.0
970,Shelley Moore Capito,2023-10-14,2023-09-27,SPGI,Purchase,"$1,001 - $15,000",Senate,1001.0,R,2023-10-15,0.0
954,Sheldon Whitehouse,2023-10-17,2023-09-20,LLY,Purchase,"$15,001 - $50,000",Senate,15001.0,D,2023-10-18,-0.17589836243250045
957,Sheldon Whitehouse,2023-10-17,2023-09-20,NVS,Purchase,"$15,001 - $50,000",Senate,15001.0,D,2023-10-18,-0.4041863387737477
959,Sheldon Whitehouse,2023-10-17,2023-09-20,KVUE,Purchase,"$1,001 - $15,000",Senate,1001.0,D,2023-10-18,1.415565063584232
967,Sheldon Whitehouse,2023-10-17,2023-09-20,TSLA,Purchase,"$1,001 - $15,000",Senate,1001.0,D,2023-10-18,-4.775363208267348
958,Sheldon Whitehouse,2023-10-17,2023-09-20,VZ,Purchase,"$1,001 - $15,000",Senate,1001.0,D,2023-10-18,-1.4598571516342151
887,Markwayne Mullin,2023-11-01,2023-10-03,PG,Purchase,"$1,001 - $15,000",Senate,1001.0,R,2023-11-02,1.2231814875937304
896,Markwayne Mullin,2023-11-01,2023-10-03,CSX,Purchase,"$1,001 - $15,000",Senate,1001.0,R,2023-11-02,2.7730798217348216
895,Markwayne Mullin,2023-11-01,2023-10-03,GS,Purchase,"$1,001 - $15,000",Senate,1001.0,R,2023-11-02,2.1487192423581116
894,Markwayne Mullin,2023-11-01,2023-10-03,PANW,Purchase,"$1,001 - $15,000",Senate,1001.0,R,2023-11-02,2.2461814858655544
893,Markwayne Mullin,2023-11-01,2023-10-03,LRCX,Purchase,"$1,001 - $15,000",Senate,1001.0,R,2023-11-02,2.7395999222094995
892,Markwayne Mullin,2023-11-01,2023-10-03,UNP,Purchase,"$1,001 - $15,000",Senate,1001.0,R,2023-11-02,1.8452504702759431
891,Markwayne Mullin,2023-11-01,2023-10-03,AAPL,Purchase,"$1,001 - $15,000",Senate,1001.0,R,2023-11-02,2.0693257908003106
890,Markwayne Mullin,2023-11-01,2023-10-03,NKE,Purchase,"$1,001 - $15,000",Senate,1001.0,R,2023-11-02,4.163367061842794
889,Markwayne Mullin,2023-11-01,2023-10-03,TXN,Purchase,"$1,001 - $15,000",Senate,1001.0,R,2023-11-02,2.891666859395431
888,Markwayne Mullin,2023-11-01,2023-10-03,MSFT,Purchase,"$1,001 - $15,000",Senate,1001.0,R,2023-11-02,0.6501574688303073
886,Markwayne Mullin,2023-11-01,2023-10-03,ABT,Purchase,"$1,001 - $15,000",Senate,1001.0,R,2023-11-02,0.9998915134009054
876,Markwayne Mullin,2023-11-01,2023-10-03,ADBE,Purchase,"$1,001 - $15,000",Senate,1001.0,R,2023-11-02,2.609737736025023
884,Markwayne Mullin,2023-11-01,2023-10-03,BLK,Purchase,"$1,001 - $15,000",Senate,1001.0,R,2023-11-02,4.5893392274255564
883,Markwayne Mullin,2023-11-01,2023-10-03,AMAT,Purchase,"$1,001 - $15,000",Senate,1001.0,R,2023-11-02,2.3800734573864264
882,Markwayne Mullin,2023-11-01,2023-10-03,SHW,Purchase,"$1,001 - $15,000",Senate,1001.0,R,2023-11-02,2.6830202016886027
881,Markwayne Mullin,2023-11-01,2023-10-03,ELV,Purchase,"$1,001 - $15,000",Senate,1001.0,R,2023-11-02,1.085838459622763
880,Markwayne Mullin,2023-11-01,2023-10-03,NVDA,Purchase,"$1,001 - $15,000",Senate,1001.0,R,2023-11-02,2.7903124769270526
879,Markwayne Mullin,2023-11-01,2023-10-03,AZO,Purchase,"$1,001 - $15,000",Senate,1001.0,R,2023-11-02,2.2202435231012307
878,Markwayne Mullin,2023-11-01,2023-10-03,EMR,Purchase,"$1,001 - $15,000",Senate,1001.0,R,2023-11-02,1.7297210592572627
877,Markwayne Mullin,2023-11-01,2023-10-03,COST,Purchase,"$1,001 - $15,000",Senate,1001.0,R,2023-11-02,-0.1490691645187984
897,Markwayne Mullin,2023-11-01,2023-10-03,BSX,Purchase,"$1,001 - $15,000",Senate,1001.0,R,2023-11-02,1.6647321194187807
875,Markwayne Mullin,2023-11-01,2023-10-03,GOOGL,Purchase,"$1,001 - $15,000",Senate,1001.0,R,2023-11-02,0.8224602140188515
874,Markwayne Mullin,2023-11-01,2023-10-03,DE,Purchase,"$1,001 - $15,000",Senate,1001.0,R,2023-11-02,0.8340746424026371
885,Markwayne Mullin,2023-11-01,2023-10-03,COP,Purchase,"$1,001 - $15,000",Senate,1001.0,R,2023-11-02,4.585582033158145
899,Markwayne Mullin,2023-11-01,2023-10-03,PEP,Purchase,"$1,001 - $15,000",Senate,1001.0,R,2023-11-02,1.1888195377661288
898,Markwayne Mullin,2023-11-01,2023-10-03,HLT,Purchase,"$1,001 - $15,000",Senate,1001.0,R,2023-11-02,0.9858996799016523
901,Markwayne Mullin,2023-11-01,2023-10-03,AXP,Purchase,"$1,001 - $15,000",Senate,1001.0,R,2023-11-02,3.0044446889462706
926,Markwayne Mullin,2023-11-01,2023-10-03,AMD,Purchase,"$1,001 - $15,000",Senate,1001.0,R,2023-11-02,-0.1943716056026759
925,Markwayne Mullin,2023-11-01,2023-10-03,TMO,Purchase,"$15,001 - $50,000",Senate,15001.0,R,2023-11-02,1.4644923459412609
900,Markwayne Mullin,2023-11-01,2023-10-03,MA,Purchase,"$1,001 - $15,000",Senate,1001.0,R,2023-11-02,1.2889722679530864
923,Markwayne Mullin,2023-11-01,2023-10-03,BRK.B,Purchase,"$1,001 - $15,000",Senate,1001.0,R,2023-11-02,0.0
922,Markwayne Mullin,2023-11-01,2023-10-03,META,Purchase,"$1,001 - $15,000",Senate,1001.0,R,2023-11-02,-0.31425716438909407
921,Markwayne Mullin,2023-11-01,2023-10-03,EW,Purchase,"$1,001 - $15,000",Senate,1001.0,R,2023-11-02,2.66331959811272
920,Markwayne Mullin,2023-11-01,2023-10-03,SPGI,Purchase,"$1,001 - $15,000",Senate,1001.0,R,2023-11-02,6.9778087527437815
919,Markwayne Mullin,2023-11-01,2023-10-03,RTX,Purchase,"$1,001 - $15,000",Senate,1001.0,R,2023-11-02,0.7668864780477295
918,Markwayne Mullin,2023-11-01,2023-10-03,CVX,Purchase,"$1,001 - $15,000",Senate,1001.0,R,2023-11-02,3.31990479312301
917,Markwayne Mullin,2023-11-01,2023-10-03,HD,Purchase,"$1,001 - $15,000",Senate,1001.0,R,2023-11-02,2.756164310053393
916,Markwayne Mullin,2023-11-01,2023-10-03,ICE,Purchase,"$1,001 - $15,000",Senate,1001.0,R,2023-11-02,-1.8383352090249712
915,Markwayne Mullin,2023-11-01,2023-10-03,CAT,Purchase,"$1,001 - $15,000",Senate,1001.0,R,2023-11-02,3.144542651319724
914,Markwayne Mullin,2023-11-01,2023-10-03,CMCSA,Purchase,"$1,001 - $15,000",Senate,1001.0,R,2023-11-02,1.626017001764685
924,Markwayne Mullin,2023-11-01,2023-10-03,CMG,Purchase,"$1,001 - $15,000",Senate,1001.0,R,2023-11-02,2.4528842724117492
912,Markwayne Mullin,2023-11-01,2023-10-03,V,Purchase,"$1,001 - $15,000",Senate,1001.0,R,2023-11-02,1.9574139211601949
911,Markwayne Mullin,2023-11-01,2023-10-03,ZTS,Purchase,"$1,001 - $15,000",Senate,1001.0,R,2023-11-02,6.253302342864904
910,Markwayne Mullin,2023-11-01,2023-10-03,JPM,Purchase,"$1,001 - $15,000",Senate,1001.0,R,2023-11-02,1.7849400345195228
909,Markwayne Mullin,2023-11-01,2023-10-03,HON,Purchase,"$1,001 - $15,000",Senate,1001.0,R,2023-11-02,1.3261520244412637
908,Markwayne Mullin,2023-11-01,2023-10-03,AMZN,Purchase,"$1,001 - $15,000",Senate,1001.0,R,2023-11-02,0.7810272439552919
907,Markwayne Mullin,2023-11-01,2023-10-03,STZ,Purchase,"$1,001 - $15,000",Senate,1001.0,R,2023-11-02,1.618202970619877
906,Markwayne Mullin,2023-11-01,2023-10-03,KO,Purchase,"$1,001 - $15,000",Senate,1001.0,R,2023-11-02,1.151668217035192
905,Markwayne Mullin,2023-11-01,2023-10-03,SBUX,Purchase,"$1,001 - $15,000",Senate,1001.0,R,2023-11-02,9.480026061043342
904,Markwayne Mullin,2023-11-01,2023-10-03,CRM,Purchase,"$1,001 - $15,000",Senate,1001.0,R,2023-11-02,2.0597307011978794
903,Markwayne Mullin,2023-11-01,2023-10-03,UNH,Purchase,"$1,001 - $15,000",Senate,1001.0,R,2023-11-02,0.8521500197365384
902,Markwayne Mullin,2023-11-01,2023-10-03,FI,Purchase,"$1,001 - $15,000",Senate,1001.0,R,2023-11-02,2.5058707437315393
913,Markwayne Mullin,2023-11-01,2023-10-03,LLY,Purchase,"$1,001 - $15,000",Senate,1001.0,R,2023-11-02,4.658578622637166
866,Thomas R. Carper,2023-11-02,2023-10-20,HDGE,Purchase,"$1,001 - $15,000",Senate,1001.0,D,2023-11-02,-2.4419484154574955
873,Thomas R. Carper,2023-11-02,2023-10-04,RVNC,Purchase,"$1,001 - $15,000",Senate,1001.0,D,2023-11-02,9.3601895868477
869,Thomas R. Carper,2023-11-02,2023-10-20,HDGE,Purchase,"$1,001 - $15,000",Senate,1001.0,D,2023-11-02,-2.4419484154574955
867,Thomas R. Carper,2023-11-02,2023-10-20,HDGE,Purchase,"$1,001 - $15,000",Senate,1001.0,D,2023-11-02,-2.4419484154574955
810,Tommy Tuberville,2023-11-16,2023-10-17,WU,Purchase,"$1,001 - $15,000",Senate,1001.0,R,2023-11-17,0.1666704813639323
811,Tommy Tuberville,2023-11-16,2023-10-17,MPWR,Purchase,"$1,001 - $15,000",Senate,1001.0,R,2023-11-17,0.5661363874024197
809,Tommy Tuberville,2023-11-16,2023-10-17,MMC,Purchase,"$1,001 - $15,000",Senate,1001.0,R,2023-11-17,-0.23195174308114885
808,Tommy Tuberville,2023-11-16,2023-10-17,NXPI,Purchase,"$1,001 - $15,000",Senate,1001.0,R,2023-11-17,0.06972081051829045
806,Tommy Tuberville,2023-11-16,2023-10-17,TXN,Purchase,"$1,001 - $15,000",Senate,1001.0,R,2023-11-17,1.7973505421747447
805,Tommy Tuberville,2023-11-16,2023-10-17,TXN,Purchase,"$1,001 - $15,000",Senate,1001.0,R,2023-11-17,1.7973505421747447
804,Tommy Tuberville,2023-11-16,2023-10-17,WMS,Purchase,"$1,001 - $15,000",Senate,1001.0,R,2023-11-17,0.6652078993911839
802,Tommy Tuberville,2023-11-16,2023-10-17,GGG,Purchase,"$1,001 - $15,000",Senate,1001.0,R,2023-11-17,1.2818859456810503
791,Tommy Tuberville,2023-11-16,2023-10-25,CLX,Purchase,"$100,001 - $250,000",Senate,100001.0,R,2023-11-17,0.08629637867957103
798,Tommy Tuberville,2023-11-16,2023-10-17,KO,Purchase,"$1,001 - $15,000",Senate,1001.0,R,2023-11-17,0.19247032846444923
797,Tommy Tuberville,2023-11-16,2023-10-17,MMM,Purchase,"$15,001 - $50,000",Senate,15001.0,R,2023-11-17,-0.3865873473214336
796,Tommy Tuberville,2023-11-16,2023-10-17,KO,Purchase,"$1,001 - $15,000",Senate,1001.0,R,2023-11-17,0.19247032846444923
795,Tommy Tuberville,2023-11-16,2023-10-18,CLF,Purchase,"$15,001 - $50,000",Senate,15001.0,R,2023-11-17,-0.2934339302976046
794,Tommy Tuberville,2023-11-16,2023-10-23,CLF,Purchase,"$15,001 - $50,000",Senate,15001.0,R,2023-11-17,-0.2934339302976046
792,Tommy Tuberville,2023-11-16,2023-10-23,HPQ,Purchase,"$15,001 - $50,000",Senate,15001.0,R,2023-11-17,0.3544855892064483
790,Tommy Tuberville,2023-11-16,2023-10-30,HPQ,Purchase,"$15,001 - $50,000",Senate,15001.0,R,2023-11-17,0.3544855892064483
801,Tommy Tuberville,2023-11-16,2023-10-17,TSLA,Purchase,"$1,001 - $15,000",Senate,1001.0,R,2023-11-17,0.3039542467564213
812,Tommy Tuberville,2023-11-16,2023-10-17,ITW,Purchase,"$1,001 - $15,000",Senate,1001.0,R,2023-11-17,0.3765349679512449
803,Tommy Tuberville,2023-11-16,2023-10-17,RMD,Purchase,"$1,001 - $15,000",Senate,1001.0,R,2023-11-17,0.02686940669029781
814,Tommy Tuberville,2023-11-16,2023-10-17,AMAT,Purchase,"$1,001 - $15,000",Senate,1001.0,R,2023-11-17,-4.017829157544511
813,Tommy Tuberville,2023-11-16,2023-10-17,SCCO,Purchase,"$1,001 - $15,000",Senate,1001.0,R,2023-11-17,-0.16028147746730198
864,Tommy Tuberville,2023-11-16,2023-10-03,KR,Purchase,"$50,001 - $100,000",Senate,50001.0,R,2023-11-17,-0.5157084423113775
856,Tommy Tuberville,2023-11-16,2023-10-11,X,Purchase,"$1,001 - $15,000",Senate,1001.0,R,2023-11-17,-0.7261109433171224
852,Tommy Tuberville,2023-11-16,2023-10-11,TXN,Purchase,"$1,001 - $15,000",Senate,1001.0,R,2023-11-17,1.7973505421747447
848,Tommy Tuberville,2023-11-16,2023-10-11,LPX,Purchase,"$1,001 - $15,000",Senate,1001.0,R,2023-11-17,-0.22905659701411307
832,Tommy Tuberville,2023-11-16,2023-10-17,TXN,Purchase,"$1,001 - $15,000",Senate,1001.0,R,2023-11-17,1.7973505421747447
831,Tommy Tuberville,2023-11-16,2023-10-17,PHM,Purchase,"$1,001 - $15,000",Senate,1001.0,R,2023-11-17,1.5292650481624712
830,Tommy Tuberville,2023-11-16,2023-10-17,META,Purchase,"$1,001 - $15,000",Senate,1001.0,R,2023-11-17,0.2543481544348883
829,Tommy Tuberville,2023-11-16,2023-10-17,MCO,Purchase,"$1,001 - $15,000",Senate,1001.0,R,2023-11-17,0.8767729273690804
828,Tommy Tuberville,2023-11-16,2023-10-17,ROK,Purchase,"$1,001 - $15,000",Senate,1001.0,R,2023-11-17,0.909161594481373
807,Tommy Tuberville,2023-11-16,2023-10-17,TXN,Purchase,"$1,001 - $15,000",Senate,1001.0,R,2023-11-17,1.7973505421747447
822,Tommy Tuberville,2023-11-16,2023-10-17,BMY,Purchase,"$1,001 - $15,000",Senate,1001.0,R,2023-11-17,0.0
816,Tommy Tuberville,2023-11-16,2023-10-17,ABBV,Purchase,"$1,001 - $15,000",Senate,1001.0,R,2023-11-17,0.014466497423727572
817,Tommy Tuberville,2023-11-16,2023-10-17,TXN,Purchase,"$15,001 - $50,000",Senate,15001.0,R,2023-11-17,1.7973505421747447
818,Tommy Tuberville,2023-11-16,2023-10-17,MNST,Purchase,"$1,001 - $15,000",Senate,1001.0,R,2023-11-17,-0.5626090148429805
815,Tommy Tuberville,2023-11-16,2023-10-17,FTNT,Purchase,"$1,001 - $15,000",Senate,1001.0,R,2023-11-17,1.666005916488239
819,Tommy Tuberville,2023-11-16,2023-10-17,AON,Purchase,"$1,001 - $15,000",Senate,1001.0,R,2023-11-17,-1.1748526598063853
820,Tommy Tuberville,2023-11-16,2023-10-17,MCHP,Purchase,"$1,001 - $15,000",Senate,1001.0,R,2023-11-17,1.6674720741514715
821,Tommy Tuberville,2023-11-16,2023-10-17,TSLA,Purchase,"$1,001 - $15,000",Senate,1001.0,R,2023-11-17,0.3039542467564213
823,Tommy Tuberville,2023-11-16,2023-10-17,TSLA,Purchase,"$1,001 - $15,000",Senate,1001.0,R,2023-11-17,0.3039542467564213
777,Tina Smith,2023-11-20,2023-11-08,TCMD,Purchase,"$100,001 - $250,000",Senate,100001.0,D,2023-11-20,0.07910818778420191
776,Tina Smith,2023-11-20,2023-11-10,AORT,Purchase,"$50,001 - $100,000",Senate,50001.0,D,2023-11-20,12.393767805832448
775,Tina Smith,2023-11-20,2023-11-16,AORT,Purchase,"$50,001 - $100,000",Senate,50001.0,D,2023-11-20,12.393767805832448
774,Sheldon Whitehouse,2023-12-07,2023-11-08,CELH,Purchase,"$1,001 - $15,000",Senate,1001.0,D,2023-12-08,-0.11773461474027197
759,John Boozman,2023-12-12,2023-11-29,SHY,Purchase,"$1,001 - $15,000",Senate,1001.0,R,2023-12-12,0.503000885743572
760,John Boozman,2023-12-12,2023-11-08,TLH,Purchase,"$1,001 - $15,000",Senate,1001.0,R,2023-12-12,2.0809209722641384
767,John Boozman,2023-12-12,2023-11-07,MBB,Purchase,"$1,001 - $15,000",Senate,1001.0,R,2023-12-12,1.4927029470511035
768,John Boozman,2023-12-12,2023-11-07,JMBS,Purchase,"$1,001 - $15,000",Senate,1001.0,R,2023-12-12,1.268357170098918
765,John Boozman,2023-12-12,2023-11-07,TLT,Purchase,"$1,001 - $15,000",Senate,1001.0,R,2023-12-12,2.346220172128231
757,Debbie Dingell,2023-12-14,2023-12-05,MDT,Purchase,"$15,001 - $50,000",Representatives,15001.0,D,,-0.9828595131544642
723,Tommy Tuberville,2023-12-15,2023-11-07,X,Purchase,"$1,001 - $15,000",Senate,1001.0,R,,0.0
713,Tommy Tuberville,2023-12-15,2023-11-21,KEY,Purchase,"$15,001 - $50,000",Senate,15001.0,R,,0.0
711,Tommy Tuberville,2023-12-15,2023-11-22,MDLZ,Purchase,"$1,001 - $15,000",Senate,1001.0,R,,0.0
704,A. Mitchell Jr. McConnell,2023-12-18,2023-12-05,WFC,Purchase,"$1,001 - $15,000",Senate,1001.0,R,,0.8658886558538512
707,Michael C. Burgess,2023-12-18,2023-12-08,PANW,Purchase,"$15,001 - $50,000",Representatives,15001.0,R,,0.33487184610916737
708,Michael C. Burgess,2023-12-18,2023-12-08,BX,Purchase,"$15,001 - $50,000",Representatives,15001.0,R,,1.8497889953917754
706,Michael C. Burgess,2023-12-18,2023-12-08,VLO,Purchase,"$15,001 - $50,000",Representatives,15001.0,R,,1.273505122717471
701,Pete Sessions,2023-12-26,2023-12-06,NVDA,Purchase,$456.00,Representatives,456.0,R,2023-12-27,0.28003913611951836
677,Thomas R. Carper,2024-01-03,2023-12-18,XCEM,Purchase,"$1,001 - $15,000",Senate,1001.0,D,2024-01-03,0.10121689360083233
678,Thomas R. Carper,2024-01-03,2023-12-18,FDRR,Purchase,"$1,001 - $15,000",Senate,1001.0,D,2024-01-03,-0.1055330178837243
680,Thomas R. Carper,2024-01-03,2023-12-18,SMDV,Purchase,"$1,001 - $15,000",Senate,1001.0,D,2024-01-03,-0.03156534103876106
681,Thomas R. Carper,2024-01-03,2023-12-18,XCEM,Purchase,"$15,001 - $50,000",Senate,15001.0,D,2024-01-03,0.10121689360083233
679,Thomas R. Carper,2024-01-03,2023-12-18,SBPYX,Purchase,"$15,001 - $50,000",Senate,15001.0,D,2024-01-03,-0.29039231058563353
687,Thomas R. Carper,2024-01-03,2023-12-11,FLNG,Purchase,"$1,001 - $15,000",Senate,1001.0,D,2024-01-03,0.7861112535878364
688,Thomas R. Carper,2024-01-03,2023-12-11,SBUX,Purchase,"$1,001 - $15,000",Senate,1001.0,D,2024-01-03,0.34323681572668324
691,Thomas R. Carper,2024-01-03,2023-12-11,VLO,Purchase,"$1,001 - $15,000",Senate,1001.0,D,2024-01-03,-2.564683560406787
692,Thomas R. Carper,2024-01-03,2023-12-11,KMB,Purchase,"$1,001 - $15,000",Senate,1001.0,D,2024-01-03,0.648924699679539
697,Thomas R. Carper,2024-01-03,2023-12-11,FMC,Purchase,"$1,001 - $15,000",Senate,1001.0,D,2024-01-03,-1.5035106873555968
686,Thomas R. Carper,2024-01-03,2023-12-11,GLPI,Purchase,"$1,001 - $15,000",Senate,1001.0,D,2024-01-03,-1.181507087496131
676,Virginia Foxx,2024-01-04,2023-12-04,FLNG,Purchase,"$1,001 - $15,000",Representatives,1001.0,R,2024-01-09,1.6249593518411647
675,Earl Blumenauer,2024-01-04,2023-12-07,DEO,Purchase,"$15,001 - $50,000",Representatives,15001.0,D,2024-01-09,-0.65988238788646
674,Virginia Foxx,2024-01-04,2023-12-08,CRT,Purchase,"$1,001 - $15,000",Representatives,1001.0,R,2024-01-09,-0.7340438593279154
669,Virginia Foxx,2024-01-04,2023-12-19,DUK$A,Purchase,"$1,001 - $15,000",Representatives,1001.0,R,2024-01-09,0.0
631,Josh Gottheimer,2024-01-07,2023-12-21,DBSDY,Purchase,"$1,001 - $15,000",Representatives,1001.0,D,2024-01-09,0.0
633,Josh Gottheimer,2024-01-07,2023-12-20,INTA,Purchase,"$1,001 - $15,000",Representatives,1001.0,D,2024-01-09,0.0
637,Josh Gottheimer,2024-01-07,2023-12-20,TPH,Purchase,"$1,001 - $15,000",Representatives,1001.0,D,2024-01-09,0.0
638,Josh Gottheimer,2024-01-07,2023-12-20,UMBF,Purchase,"$1,001 - $15,000",Representatives,1001.0,D,2024-01-09,0.0
630,Josh Gottheimer,2024-01-07,2023-12-29,NOC,Purchase,"$15,001 - $50,000",Representatives,15001.0,D,2024-01-09,0.0
659,Josh Gottheimer,2024-01-07,2023-12-07,BNTX,Purchase,"$1,001 - $15,000",Representatives,1001.0,D,2024-01-09,0.0
642,Josh Gottheimer,2024-01-07,2023-12-11,EW,Purchase,"$1,001 - $15,000",Representatives,1001.0,D,2024-01-09,0.0
665,Josh Gottheimer,2024-01-07,2023-12-05,BNTX,Purchase,"$1,001 - $15,000",Representatives,1001.0,D,2024-01-09,0.0
658,Josh Gottheimer,2024-01-07,2023-12-11,DHI,Purchase,"$1,001 - $15,000",Representatives,1001.0,D,2024-01-09,0.0
662,Josh Gottheimer,2024-01-07,2023-12-06,SONY,Purchase,"$1,001 - $15,000",Representatives,1001.0,D,2024-01-09,0.0
661,Josh Gottheimer,2024-01-07,2023-12-06,BNTX,Purchase,"$1,001 - $15,000",Representatives,1001.0,D,2024-01-09,0.0
618,John Boozman,2024-01-08,2023-12-12,PALL,Purchase,"$1,001 - $15,000",Senate,1001.0,R,2024-01-08,-2.1278895575779493
629,Lloyd Doggett,2024-01-08,2023-12-05,JNJ,Purchase,"$1,001 - $15,000",Representatives,1001.0,D,2024-01-09,0.061911783737624015
628,Lloyd Doggett,2024-01-08,2023-12-11,IBM,Purchase,"$1,001 - $15,000",Representatives,1001.0,D,2024-01-09,-0.6578115691998965
627,Lloyd Doggett,2024-01-08,2023-12-12,PPG,Purchase,"$1,001 - $15,000",Representatives,1001.0,D,2024-01-09,-0.7870301017118023
625,Lloyd Doggett,2024-01-08,2023-12-14,HD,Purchase,"$1,001 - $15,000",Representatives,1001.0,D,2024-01-09,-0.5000977986960758
624,Michael C. Burgess,2024-01-08,2023-12-14,UPS,Purchase,"$1,001 - $15,000",Representatives,1001.0,R,2024-01-09,0.012508924893686066
623,Lloyd Doggett,2024-01-08,2023-12-15,KO,Purchase,"$1,001 - $15,000",Representatives,1001.0,D,2024-01-09,-0.18299885083118642
622,Michael C. Burgess,2024-01-08,2023-12-15,UPS,Purchase,"$1,001 - $15,000",Representatives,1001.0,R,2024-01-09,0.012508924893686066
620,John Boozman,2024-01-08,2023-12-12,PALL,Purchase,"$1,001 - $15,000",Senate,1001.0,R,2024-01-08,-2.1278895575779493
617,John Boozman,2024-01-08,2023-12-20,PFE,Purchase,"$1,001 - $15,000",Senate,1001.0,R,2024-01-08,-0.6085203030427498
612,Richard W. Allen,2024-01-11,2023-12-14,SCHW,Purchase,"$50,001 - $100,000",Representatives,50001.0,R,2024-01-12,-0.045968094261248184
571,Tommy Tuberville,2024-01-12,2023-12-26,KEY,Purchase,"$15,001 - $50,000",Senate,15001.0,R,2024-01-12,0.0
570,Shelley Moore Capito,2024-01-12,2023-12-01,CVX,Purchase,"$1,001 - $15,000",Senate,1001.0,R,2024-01-12,0.0
567,Shelley Moore Capito,2024-01-12,2023-12-01,CSCO,Purchase,"$1,001 - $15,000",Senate,1001.0,R,2024-01-12,0.0
574,Tommy Tuberville,2024-01-12,2023-12-26,PARA,Purchase,"$15,001 - $50,000",Senate,15001.0,R,2024-01-12,0.0
568,Shelley Moore Capito,2024-01-12,2023-12-01,CMCSA,Purchase,"$1,001 - $15,000",Senate,1001.0,R,2024-01-12,0.0
577,Tommy Tuberville,2024-01-12,2023-12-18,GOLD,Purchase,"$50,001 - $100,000",Senate,50001.0,R,2024-01-12,0.0
569,Shelley Moore Capito,2024-01-12,2023-12-01,SPGI,Purchase,"$1,001 - $15,000",Senate,1001.0,R,2024-01-12,0.0
582,Tommy Tuberville,2024-01-12,2023-12-13,CVX,Purchase,"$100,001 - $250,000",Senate,100001.0,R,2024-01-12,0.0
583,Tommy Tuberville,2024-01-12,2023-12-12,GOLD,Purchase,"$15,001 - $50,000",Senate,15001.0,R,2024-01-12,0.0
585,Tommy Tuberville,2024-01-12,2023-12-11,GOLD,Purchase,"$1,001 - $15,000",Senate,1001.0,R,2024-01-12,0.0
586,Jonathan Jackson,2024-01-12,2023-12-20,W,Purchase,"$1,001 - $15,000",Representatives,1001.0,D,2024-01-15,0.0
588,Jonathan Jackson,2024-01-12,2023-12-15,W,Purchase,"$15,001 - $50,000",Representatives,15001.0,D,2024-01-15,0.0
589,Jonathan Jackson,2024-01-12,2023-12-14,ACI,Purchase,"$15,001 - $50,000",Representatives,15001.0,D,2024-01-15,0.0
581,Tommy Tuberville,2024-01-12,2023-12-14,CVX,Purchase,"$50,001 - $100,000",Senate,50001.0,R,2024-01-12,0.0
541,Kevin Hern,2024-01-13,2023-12-29,DVN,Purchase,"$15,001 - $50,000",Representatives,15001.0,R,2024-01-15,0.0
542,Kevin Hern,2024-01-13,2023-12-29,LMT,Purchase,"$1,001 - $15,000",Representatives,1001.0,R,2024-01-15,0.0
543,Kevin Hern,2024-01-13,2023-12-29,DVN,Purchase,"$1,001 - $15,000",Representatives,1001.0,R,2024-01-15,0.0
544,Kevin Hern,2024-01-13,2023-12-26,WMB,Purchase,"$1,001 - $15,000",Representatives,1001.0,R,2024-01-15,0.0
545,Kevin Hern,2024-01-13,2023-12-22,PXD,Purchase,"$1,001 - $15,000",Representatives,1001.0,R,2024-01-15,0.0
547,Kevin Hern,2024-01-13,2023-12-15,NEE,Purchase,"$1,001 - $15,000",Representatives,1001.0,R,2024-01-15,0.0
546,Kevin Hern,2024-01-13,2023-12-18,LIN,Purchase,"$1,001 - $15,000",Representatives,1001.0,R,2024-01-15,0.0
549,Kevin Hern,2024-01-13,2023-12-14,HD,Purchase,"$1,001 - $15,000",Representatives,1001.0,R,2024-01-15,0.0
550,Kevin Hern,2024-01-13,2023-12-14,HD,Purchase,"$1,001 - $15,000",Representatives,1001.0,R,2024-01-15,0.0
551,Kevin Hern,2024-01-13,2023-12-12,UNH,Purchase,"$1,001 - $15,000",Representatives,1001.0,R,2024-01-15,0.0
552,Kevin Hern,2024-01-13,2023-12-11,XOM,Purchase,"$1,001 - $15,000",Representatives,1001.0,R,2024-01-15,0.0
553,Kevin Hern,2024-01-13,2023-12-11,ROK,Purchase,"$1,001 - $15,000",Representatives,1001.0,R,2024-01-15,0.0
554,Kevin Hern,2024-01-13,2023-12-11,EMR,Purchase,"$1,001 - $15,000",Representatives,1001.0,R,2024-01-15,0.0
556,Kevin Hern,2024-01-13,2023-12-05,JNJ,Purchase,"$1,001 - $15,000",Representatives,1001.0,R,2024-01-15,0.0
548,Kevin Hern,2024-01-13,2023-12-14,RTX,Purchase,"$1,001 - $15,000",Representatives,1001.0,R,2024-01-15,0.0
539,Angus King,2024-01-16,2023-12-27,EA,Purchase,"$1,001 - $15,000",Senate,1001.0,I,2024-01-16,-0.3864373334911688
500,Jerry Moran,2024-01-17,2023-12-14,BRK.B,Purchase,"$1,001 - $15,000",Senate,1001.0,R,2024-01-17,0.0
537,Dwight Evans,2024-01-17,2023-12-20,MU,Purchase,"$1,001 - $15,000",Representatives,1001.0,D,2024-01-22,1.8491846038669526
536,Dwight Evans,2024-01-17,2023-12-20,NOW,Purchase,"$1,001 - $15,000",Representatives,1001.0,D,2024-01-22,2.531825673038163
515,Jerry Moran,2024-01-17,2023-12-14,BRK.B,Purchase,"$1,001 - $15,000",Senate,1001.0,R,2024-01-17,0.0
487,Sheldon Whitehouse,2024-01-18,2023-12-07,KO,Purchase,"$1,001 - $15,000",Senate,1001.0,D,2024-01-18,-0.5485339381556155
485,Sheldon Whitehouse,2024-01-18,2023-12-14,LLY,Purchase,"$1,001 - $15,000",Senate,1001.0,D,2024-01-18,0.8390216906626341
484,Sheldon Whitehouse,2024-01-18,2023-12-14,SNOW,Purchase,"$1,001 - $15,000",Senate,1001.0,D,2024-01-18,3.4885560717772255
482,Rick Larsen,2024-01-19,2024-01-09,CL,Purchase,"$1,001 - $15,000",Representatives,1001.0,D,2024-01-22,0.0
480,Rick Larsen,2024-01-19,2024-01-09,ZTS,Purchase,"$1,001 - $15,000",Representatives,1001.0,D,2024-01-22,0.0
475,Judy Chu,2024-01-21,2024-01-10,AMEH,Purchase,"$100,001 - $250,000",Representatives,100001.0,D,2024-01-22,0.0
470,Jared Moskowitz,2024-01-22,2023-12-28,MRK,Purchase,"$1,001 - $15,000",Representatives,1001.0,D,2024-01-23,0.34329400625236
471,Jared Moskowitz,2024-01-22,2023-12-28,MRK,Purchase,"$1,001 - $15,000",Representatives,1001.0,D,2024-01-23,0.34329400625236
431,Michael C. Burgess,2024-01-22,2024-01-10,RY,Purchase,"$1,001 - $15,000",Representatives,1001.0,R,2024-01-23,0.32339535593073454
436,Michael C. Burgess,2024-01-22,2024-01-02,ILMN,Purchase,"$15,001 - $50,000",Representatives,15001.0,R,2024-01-23,1.3464826119248838
439,Michael C. Burgess,2024-01-22,2024-01-02,ILMN,Purchase,"$1,001 - $15,000",Representatives,1001.0,R,2024-01-23,1.3464826119248838
440,Michael C. Burgess,2024-01-22,2024-01-02,XOM,Purchase,"$15,001 - $50,000",Representatives,15001.0,R,2024-01-23,1.1258045555885552
446,Jared Moskowitz,2024-01-22,2023-12-28,ROP,Purchase,"$1,001 - $15,000",Representatives,1001.0,D,2024-01-23,0.5273634877868081
448,Jared Moskowitz,2024-01-22,2023-12-28,ROP,Purchase,"$1,001 - $15,000",Representatives,1001.0,D,2024-01-23,0.5273634877868081
449,Jared Moskowitz,2024-01-22,2023-12-28,GOOG,Purchase,"$1,001 - $15,000",Representatives,1001.0,D,2024-01-23,0.656682633420393
451,Jared Moskowitz,2024-01-22,2023-12-28,WST,Purchase,"$1,001 - $15,000",Representatives,1001.0,D,2024-01-23,1.302186546627865
456,Jared Moskowitz,2024-01-22,2023-12-28,ADI,Purchase,"$1,001 - $15,000",Representatives,1001.0,D,2024-01-23,2.0576745268004384
460,Jared Moskowitz,2024-01-22,2023-12-28,TSCO,Purchase,"$1,001 - $15,000",Representatives,1001.0,D,2024-01-23,-1.7634434853830645
461,Jared Moskowitz,2024-01-22,2023-12-28,META,Purchase,"$1,001 - $15,000",Representatives,1001.0,D,2024-01-23,0.895807386104438
462,Jared Moskowitz,2024-01-22,2023-12-28,GOOG,Purchase,"$1,001 - $15,000",Representatives,1001.0,D,2024-01-23,0.656682633420393
463,Jared Moskowitz,2024-01-22,2023-12-28,TMUS,Purchase,"$1,001 - $15,000",Representatives,1001.0,D,2024-01-23,-0.3893413862012578
465,Jared Moskowitz,2024-01-22,2023-12-28,LLY,Purchase,"$1,001 - $15,000",Representatives,1001.0,D,2024-01-23,-0.19021243306865546
466,Jared Moskowitz,2024-01-22,2023-12-28,LLY,Purchase,"$1,001 - $15,000",Representatives,1001.0,D,2024-01-23,-0.19021243306865546
467,Jared Moskowitz,2024-01-22,2023-12-28,META,Purchase,"$1,001 - $15,000",Representatives,1001.0,D,2024-01-23,0.895807386104438
454,Jared Moskowitz,2024-01-22,2023-12-28,TMUS,Purchase,"$1,001 - $15,000",Representatives,1001.0,D,2024-01-23,-0.3893413862012578
390,Blake Moore,2024-01-24,2024-01-19,SPY,Purchase,"$15,001 - $50,000",Representatives,15001.0,R,2024-01-24,0.5438892542467083
388,Blake Moore,2024-01-24,2024-01-19,VUG,Purchase,"$100,001 - $250,000",Representatives,100001.0,R,2024-01-24,0.2355450805798926
397,Blake Moore,2024-01-24,2024-01-19,SPY,Purchase,"$100,001 - $250,000",Representatives,100001.0,R,2024-01-24,0.5438892542467083
423,Blake Moore,2024-01-24,2024-01-19,VUG,Purchase,"$1,001 - $15,000",Representatives,1001.0,R,2024-01-24,0.2355450805798926
410,Blake Moore,2024-01-24,2024-01-19,SPY,Purchase,"$15,001 - $50,000",Representatives,15001.0,R,2024-01-24,0.5438892542467083
429,Blake Moore,2024-01-24,2023-12-22,AAPL,Purchase,"$1,001 - $15,000",Representatives,1001.0,R,2024-01-24,-0.1696667511849293
399,Blake Moore,2024-01-24,2024-01-19,VUG,Purchase,"$1,001 - $15,000",Representatives,1001.0,R,2024-01-24,0.2355450805798926
359,Markwayne Mullin,2024-01-26,2024-01-04,AXON,Purchase,"$1,001 - $15,000",Senate,1001.0,R,2024-01-28,0.0
347,Markwayne Mullin,2024-01-26,2024-01-04,ETN,Purchase,"$1,001 - $15,000",Senate,1001.0,R,2024-01-28,0.0
348,Markwayne Mullin,2024-01-26,2024-01-04,FRPT,Purchase,"$1,001 - $15,000",Senate,1001.0,R,2024-01-28,0.0
349,Markwayne Mullin,2024-01-26,2024-01-04,CYBR,Purchase,"$1,001 - $15,000",Senate,1001.0,R,2024-01-28,0.0
350,Markwayne Mullin,2024-01-26,2024-01-04,AXON,Purchase,"$1,001 - $15,000",Senate,1001.0,R,2024-01-28,0.0
351,Markwayne Mullin,2024-01-26,2024-01-04,OLLI,Purchase,"$1,001 - $15,000",Senate,1001.0,R,2024-01-28,0.0
352,Markwayne Mullin,2024-01-26,2024-01-04,ZTS,Purchase,"$1,001 - $15,000",Senate,1001.0,R,2024-01-28,0.0
354,Markwayne Mullin,2024-01-26,2024-01-04,BMI,Purchase,"$1,001 - $15,000",Senate,1001.0,R,2024-01-28,0.0
355,Markwayne Mullin,2024-01-26,2024-01-04,SFM,Purchase,"$1,001 - $15,000",Senate,1001.0,R,2024-01-28,0.0
356,Markwayne Mullin,2024-01-26,2024-01-04,BMI,Purchase,"$1,001 - $15,000",Senate,1001.0,R,2024-01-28,0.0
357,Markwayne Mullin,2024-01-26,2024-01-04,FRPT,Purchase,"$1,001 - $15,000",Senate,1001.0,R,2024-01-28,0.0
358,Markwayne Mullin,2024-01-26,2024-01-04,ELF,Purchase,"$1,001 - $15,000",Senate,1001.0,R,2024-01-28,0.0
360,Markwayne Mullin,2024-01-26,2024-01-04,GS,Purchase,"$1,001 - $15,000",Senate,1001.0,R,2024-01-28,0.0
353,Markwayne Mullin,2024-01-26,2024-01-04,ELF,Purchase,"$1,001 - $15,000",Senate,1001.0,R,2024-01-28,0.0
362,Markwayne Mullin,2024-01-26,2024-01-04,ETN,Purchase,"$1,001 - $15,000",Senate,1001.0,R,2024-01-28,0.0
373,Markwayne Mullin,2024-01-26,2024-01-02,LRCX,Purchase,"$15,001 - $50,000",Senate,15001.0,R,2024-01-28,0.0
372,Markwayne Mullin,2024-01-26,2024-01-02,AMAT,Purchase,"$15,001 - $50,000",Senate,15001.0,R,2024-01-28,0.0
371,Markwayne Mullin,2024-01-26,2024-01-02,NVDA,Purchase,"$15,001 - $50,000",Senate,15001.0,R,2024-01-28,0.0
370,Markwayne Mullin,2024-01-26,2024-01-02,ADBE,Purchase,"$15,001 - $50,000",Senate,15001.0,R,2024-01-28,0.0
369,Markwayne Mullin,2024-01-26,2024-01-02,AMD,Purchase,"$15,001 - $50,000",Senate,15001.0,R,2024-01-28,0.0
386,Thomas H. Kean Jr.,2024-01-26,2023-12-14,ORCL,Purchase,"$1,001 - $15,000",Representatives,1001.0,R,2024-01-29,0.0
385,Lindsey Graham,2024-01-26,2024-01-26,USFR,Purchase,"$15,001 - $50,000",Senate,15001.0,R,2024-01-26,0.0
367,Markwayne Mullin,2024-01-26,2024-01-02,AAPL,Purchase,"$50,001 - $100,000",Senate,50001.0,R,2024-01-28,0.0
368,Markwayne Mullin,2024-01-26,2024-01-02,META,Purchase,"$15,001 - $50,000",Senate,15001.0,R,2024-01-28,0.0
363,Markwayne Mullin,2024-01-26,2024-01-04,GS,Purchase,"$1,001 - $15,000",Senate,1001.0,R,2024-01-28,0.0
361,Markwayne Mullin,2024-01-26,2024-01-04,CYBR,Purchase,"$1,001 - $15,000",Senate,1001.0,R,2024-01-28,0.0
365,Markwayne Mullin,2024-01-26,2024-01-04,ZTS,Purchase,"$1,001 - $15,000",Senate,1001.0,R,2024-01-28,0.0
366,Markwayne Mullin,2024-01-26,2024-01-04,OLLI,Purchase,"$1,001 - $15,000",Senate,1001.0,R,2024-01-28,0.0
364,Markwayne Mullin,2024-01-26,2024-01-04,SFM,Purchase,"$1,001 - $15,000",Senate,1001.0,R,2024-01-28,0.0
345,Debbie Wasserman Schultz,2024-01-31,2024-01-08,MAG,Purchase,"$1,001 - $15,000",Representatives,1001.0,D,2024-02-01,4.212850792480056
342,Thomas R. Carper,2024-02-02,2024-01-02,DELL,Purchase,"$1,001 - $15,000",Senate,1001.0,D,2024-02-02,0.0
341,Thomas R. Carper,2024-02-02,2024-01-17,AES,Purchase,"$1,001 - $15,000",Senate,1001.0,D,2024-02-02,0.0
338,Thomas R. Carper,2024-02-02,2024-01-17,CME,Purchase,"$1,001 - $15,000",Senate,1001.0,D,2024-02-02,0.0
337,Thomas R. Carper,2024-02-02,2024-01-17,GBIL,Purchase,"$1,001 - $15,000",Senate,1001.0,D,2024-02-02,0.0
335,Thomas R. Carper,2024-02-02,2024-01-17,VLO,Purchase,"$1,001 - $15,000",Senate,1001.0,D,2024-02-02,0.0
334,Thomas R. Carper,2024-02-02,2024-01-17,GBIL,Purchase,"$1,001 - $15,000",Senate,1001.0,D,2024-02-02,0.0
332,Thomas R. Carper,2024-02-02,2024-01-17,ETRN,Purchase,"$1,001 - $15,000",Senate,1001.0,D,2024-02-02,0.0
340,Thomas R. Carper,2024-02-02,2024-01-17,SBUX,Purchase,"$1,001 - $15,000",Senate,1001.0,D,2024-02-02,0.0
322,Virginia Foxx,2024-02-05,2024-01-17,SCHX,Purchase,"$1,001 - $15,000",Representatives,1001.0,R,2024-02-06,0.32562544365878315
319,William R. Keating,2024-02-05,2024-01-24,PANW,Purchase,"$1,001 - $15,000",Representatives,1001.0,D,2024-02-06,-0.8679809151747252
320,Virginia Foxx,2024-02-05,2024-01-18,ET,Purchase,"$1,001 - $15,000",Representatives,1001.0,R,2024-02-06,-2.3759618631583357
321,Virginia Foxx,2024-02-05,2024-01-17,ET,Purchase,"$1,001 - $15,000",Representatives,1001.0,R,2024-02-06,-2.3759618631583357
324,Virginia Foxx,2024-02-05,2024-01-16,DUK$A,Purchase,"$1,001 - $15,000",Representatives,1001.0,R,2024-02-06,0.0
326,Virginia Foxx,2024-02-05,2024-01-16,HTGC,Purchase,"$15,001 - $50,000",Representatives,15001.0,R,2024-02-06,-0.8705723883658595
329,Virginia Foxx,2024-02-05,2024-01-11,MO,Purchase,"$1,001 - $15,000",Representatives,1001.0,R,2024-02-06,0.1974284685431048
331,Virginia Foxx,2024-02-05,2024-01-08,SCHX,Purchase,"$1,001 - $15,000",Representatives,1001.0,R,2024-02-06,0.32562544365878315
325,Virginia Foxx,2024-02-05,2024-01-16,ET,Purchase,"$15,001 - $50,000",Representatives,15001.0,R,2024-02-06,-2.3759618631583357
271,Kathy Manning,2024-02-06,2024-01-23,SYY,Purchase,"$1,001 - $15,000",Representatives,1001.0,D,2024-02-07,-0.9202903363537169
269,Kathy Manning,2024-02-06,2024-01-23,PG,Purchase,"$1,001 - $15,000",Representatives,1001.0,D,2024-02-07,0.10064695304668454
268,Kathy Manning,2024-02-06,2024-01-23,NKE,Purchase,"$1,001 - $15,000",Representatives,1001.0,D,2024-02-07,1.1499856721146338
266,Kathy Manning,2024-02-06,2024-01-23,CFG,Purchase,"$1,001 - $15,000",Representatives,1001.0,D,2024-02-07,-0.7292372952079711
265,Kathy Manning,2024-02-06,2024-01-23,AON,Purchase,"$1,001 - $15,000",Representatives,1001.0,D,2024-02-07,0.3490404405860779
264,Kathy Manning,2024-02-06,2024-01-23,CRM,Purchase,"$15,001 - $50,000",Representatives,15001.0,D,2024-02-07,1.0530769712869112
262,Kathy Manning,2024-02-06,2024-01-23,COST,Purchase,"$1,001 - $15,000",Representatives,1001.0,D,2024-02-07,1.2647971338145974
260,Kathy Manning,2024-02-06,2024-01-23,MA,Purchase,"$1,001 - $15,000",Representatives,1001.0,D,2024-02-07,0.3061897203277687
259,Kathy Manning,2024-02-06,2024-01-23,MSCI,Purchase,"$1,001 - $15,000",Representatives,1001.0,D,2024-02-07,1.4828187083870275
255,Kathy Manning,2024-02-06,2024-01-23,WMT,Purchase,"$1,001 - $15,000",Representatives,1001.0,D,2024-02-07,-0.25322437510041634
252,Kathy Manning,2024-02-06,2024-01-23,WMT,Purchase,"$1,001 - $15,000",Representatives,1001.0,D,2024-02-07,-0.25322437510041634
251,Kathy Manning,2024-02-06,2024-01-23,LMT,Purchase,"$1,001 - $15,000",Representatives,1001.0,D,2024-02-07,0.7377898598014138
250,Kathy Manning,2024-02-06,2024-01-23,COST,Purchase,"$1,001 - $15,000",Representatives,1001.0,D,2024-02-07,1.2647971338145974
249,Kathy Manning,2024-02-06,2024-01-23,MRK,Purchase,"$15,001 - $50,000",Representatives,15001.0,D,2024-02-07,0.46500944203737554
248,Kathy Manning,2024-02-06,2024-01-23,MDT,Purchase,"$1,001 - $15,000",Representatives,1001.0,D,2024-02-07,-0.6610374011641652
245,Kathy Manning,2024-02-06,2024-01-23,MSFT,Purchase,"$1,001 - $15,000",Representatives,1001.0,D,2024-02-07,2.1110256146264015
242,Kathy Manning,2024-02-06,2024-01-23,MRK,Purchase,"$1,001 - $15,000",Representatives,1001.0,D,2024-02-07,0.46500944203737554
241,Kathy Manning,2024-02-06,2024-01-23,AON,Purchase,"$1,001 - $15,000",Representatives,1001.0,D,2024-02-07,0.3490404405860779
238,Kathy Manning,2024-02-06,2024-01-23,MSFT,Purchase,"$1,001 - $15,000",Representatives,1001.0,D,2024-02-07,2.1110256146264015
235,James Calhoun,2024-02-06,2024-02-01,IBM,Purchase,"$1,001 - $15,000",Representatives,1001.0,R,2024-02-07,0.17992575348432996
234,James Calhoun,2024-02-06,2024-02-02,AFRM,Purchase,"$1,001 - $15,000",Representatives,1001.0,R,2024-02-07,2.717016571227503
272,Kathy Manning,2024-02-06,2024-01-23,MSCI,Purchase,"$15,001 - $50,000",Representatives,15001.0,D,2024-02-07,1.4828187083870275
273,Kathy Manning,2024-02-06,2024-01-23,MSFT,Purchase,"$1,001 - $15,000",Representatives,1001.0,D,2024-02-07,2.1110256146264015
254,Kathy Manning,2024-02-06,2024-01-23,MA,Purchase,"$15,001 - $50,000",Representatives,15001.0,D,2024-02-07,0.3061897203277687
275,Kathy Manning,2024-02-06,2024-01-23,TJX,Purchase,"$1,001 - $15,000",Representatives,1001.0,D,2024-02-07,0.7518057347118835
318,Kathy Manning,2024-02-06,2024-01-23,AMGN,Purchase,"$1,001 - $15,000",Representatives,1001.0,D,2024-02-07,-6.390993051836916
316,Kathy Manning,2024-02-06,2024-01-23,MSCI,Purchase,"$1,001 - $15,000",Representatives,1001.0,D,2024-02-07,1.4828187083870275
314,Kathy Manning,2024-02-06,2024-01-23,MA,Purchase,"$1,001 - $15,000",Representatives,1001.0,D,2024-02-07,0.3061897203277687
312,Kathy Manning,2024-02-06,2024-01-23,CRM,Purchase,"$1,001 - $15,000",Representatives,1001.0,D,2024-02-07,1.0530769712869112
310,Kathy Manning,2024-02-06,2024-01-23,MDT,Purchase,"$1,001 - $15,000",Representatives,1001.0,D,2024-02-07,-0.6610374011641652
304,Kathy Manning,2024-02-06,2024-01-23,TJX,Purchase,"$1,001 - $15,000",Representatives,1001.0,D,2024-02-07,0.7518057347118835
302,Kathy Manning,2024-02-06,2024-01-23,SYY,Purchase,"$1,001 - $15,000",Representatives,1001.0,D,2024-02-07,-0.9202903363537169
301,Kathy Manning,2024-02-06,2024-01-23,CRM,Purchase,"$1,001 - $15,000",Representatives,1001.0,D,2024-02-07,1.0530769712869112
298,Kathy Manning,2024-02-06,2024-01-23,PG,Purchase,"$1,001 - $15,000",Representatives,1001.0,D,2024-02-07,0.10064695304668454
296,Kathy Manning,2024-02-06,2024-01-23,NKE,Purchase,"$1,001 - $15,000",Representatives,1001.0,D,2024-02-07,1.1499856721146338
294,Kathy Manning,2024-02-06,2024-01-23,COST,Purchase,"$15,001 - $50,000",Representatives,15001.0,D,2024-02-07,1.2647971338145974
274,Kathy Manning,2024-02-06,2024-01-23,CFG,Purchase,"$15,001 - $50,000",Representatives,15001.0,D,2024-02-07,-0.7292372952079711
290,Kathy Manning,2024-02-06,2024-01-23,MDT,Purchase,"$15,001 - $50,000",Representatives,15001.0,D,2024-02-07,-0.6610374011641652
288,Kathy Manning,2024-02-06,2024-01-23,TJX,Purchase,"$1,001 - $15,000",Representatives,1001.0,D,2024-02-07,0.7518057347118835
287,Kathy Manning,2024-02-06,2024-01-23,ABBV,Purchase,"$1,001 - $15,000",Representatives,1001.0,D,2024-02-07,0.9925565741485689
285,Kathy Manning,2024-02-06,2024-01-23,AON,Purchase,"$1,001 - $15,000",Representatives,1001.0,D,2024-02-07,0.3490404405860779
284,Kathy Manning,2024-02-06,2024-01-23,JNJ,Purchase,"$1,001 - $15,000",Representatives,1001.0,D,2024-02-07,-0.05061485024066912
283,Kathy Manning,2024-02-06,2024-01-23,CME,Purchase,"$1,001 - $15,000",Representatives,1001.0,D,2024-02-07,1.3216332728590252
282,Kathy Manning,2024-02-06,2024-01-23,NKE,Purchase,"$1,001 - $15,000",Representatives,1001.0,D,2024-02-07,1.1499856721146338
281,Kathy Manning,2024-02-06,2024-01-23,LMT,Purchase,"$1,001 - $15,000",Representatives,1001.0,D,2024-02-07,0.7377898598014138
280,Kathy Manning,2024-02-06,2024-01-23,PG,Purchase,"$1,001 - $15,000",Representatives,1001.0,D,2024-02-07,0.10064695304668454
278,Kathy Manning,2024-02-06,2024-01-23,CB,Purchase,"$1,001 - $15,000",Representatives,1001.0,D,2024-02-07,-0.31493470548047875
293,Kathy Manning,2024-02-06,2024-01-23,MRK,Purchase,"$1,001 - $15,000",Representatives,1001.0,D,2024-02-07,0.46500944203737554
230,Kevin Hern,2024-02-11,2024-01-12,COST,Purchase,"$1,001 - $15,000",Representatives,1001.0,R,2024-02-12,0.0
229,Kevin Hern,2024-02-11,2024-01-31,JPM,Purchase,"$1,001 - $15,000",Representatives,1001.0,R,2024-02-12,0.0
228,Robert E. Latta,2024-02-14,2024-01-22,FMAO,Purchase,"$1,001 - $15,000",Representatives,1001.0,R,2024-02-16,4.835684148069718
216,Tommy Tuberville,2024-02-14,2024-01-10,AAPL,Purchase,"$1,001 - $15,000",Senate,1001.0,R,2024-02-15,-0.15747667431139067
184,Tommy Tuberville,2024-02-14,2024-01-19,PG,Purchase,"$1,001 - $15,000",Senate,1001.0,R,2024-02-15,0.8867118041039405
142,Josh Gottheimer,2024-02-15,2024-01-18,APD,Purchase,"$1,001 - $15,000",Representatives,1001.0,D,2024-02-16,-0.04405853539154981
139,Josh Gottheimer,2024-02-15,2024-01-18,TSM,Purchase,"$1,001 - $15,000",Representatives,1001.0,D,2024-02-16,-1.8135289157780585
138,Jonathan Jackson,2024-02-15,2024-01-19,LRCX,Purchase,"$15,001 - $50,000",Representatives,15001.0,D,2024-02-16,1.3405852182418552
136,Josh Gottheimer,2024-02-15,2024-01-24,AMD,Purchase,"$1,001 - $15,000",Representatives,1001.0,D,2024-02-16,-1.6349849963005463
134,Josh Gottheimer,2024-02-15,2024-01-24,TPH,Purchase,"$1,001 - $15,000",Representatives,1001.0,D,2024-02-16,-3.3361154356835914
132,Josh Gottheimer,2024-02-15,2024-01-24,AGIO,Purchase,"$1,001 - $15,000",Representatives,1001.0,D,2024-02-16,-1.0820858822178026
120,Victoria Spartz,2024-02-15,2024-02-02,SPG,Purchase,"$1,001 - $15,000",Representatives,1001.0,R,2024-02-16,1.3243288607210726
129,Josh Gottheimer,2024-02-15,2024-01-24,CHRD,Purchase,"$1,001 - $15,000",Representatives,1001.0,D,2024-02-16,0.6455201205693838
126,Josh Gottheimer,2024-02-15,2024-01-25,LRCX,Purchase,"$1,001 - $15,000",Representatives,1001.0,D,2024-02-16,1.3405852182418552
124,Josh Gottheimer,2024-02-15,2024-01-25,NOW,Purchase,"$1,001 - $15,000",Representatives,1001.0,D,2024-02-16,-1.9230769230769231
122,Josh Gottheimer,2024-02-15,2024-01-29,ISRG,Purchase,"$1,001 - $15,000",Representatives,1001.0,D,2024-02-16,-0.40508417037858024
121,Victoria Spartz,2024-02-15,2024-02-02,SPG,Purchase,"$1,001 - $15,000",Representatives,1001.0,R,2024-02-16,1.3243288607210726
144,Jonathan Jackson,2024-02-15,2024-01-17,REGN,Purchase,"$1,001 - $15,000",Representatives,1001.0,D,2024-02-16,-0.6996735006165336
130,Josh Gottheimer,2024-02-15,2024-01-24,ABG,Purchase,"$1,001 - $15,000",Representatives,1001.0,D,2024-02-16,-2.010480266498678
145,Josh Gottheimer,2024-02-15,2024-01-12,SCHW,Purchase,"$1,001 - $15,000",Representatives,1001.0,D,2024-02-16,-0.35586529059754696
154,Josh Gottheimer,2024-02-15,2024-01-11,HSHCY,Purchase,"$1,001 - $15,000",Representatives,1001.0,D,2024-02-16,1.6095802904050522
147,Josh Gottheimer,2024-02-15,2024-01-11,GTLS,Purchase,"$1,001 - $15,000",Representatives,1001.0,D,2024-02-16,-0.3770170550513014
149,Josh Gottheimer,2024-02-15,2024-01-11,ALNY,Purchase,"$1,001 - $15,000",Representatives,1001.0,D,2024-02-16,-0.29165888702637516
150,Josh Gottheimer,2024-02-15,2024-01-11,ON,Purchase,"$1,001 - $15,000",Representatives,1001.0,D,2024-02-16,-2.4559703416997687
151,Josh Gottheimer,2024-02-15,2024-01-11,BAP,Purchase,"$1,001 - $15,000",Representatives,1001.0,D,2024-02-16,0.7100244044932581
152,Josh Gottheimer,2024-02-15,2024-01-11,PYCR,Purchase,"$1,001 - $15,000",Representatives,1001.0,D,2024-02-16,0.04796272757253071
153,Josh Gottheimer,2024-02-15,2024-01-11,SSDOY,Purchase,"$1,001 - $15,000",Representatives,1001.0,D,2024-02-16,2.959024132156392
155,Josh Gottheimer,2024-02-15,2024-01-11,XNGSY,Purchase,"$1,001 - $15,000",Representatives,1001.0,D,2024-02-16,8.727805558792468
156,Josh Gottheimer,2024-02-15,2024-01-11,PNGAY,Purchase,"$1,001 - $15,000",Representatives,1001.0,D,2024-02-16,3.36426874365577
157,Josh Gottheimer,2024-02-15,2024-01-11,HELE,Purchase,"$1,001 - $15,000",Representatives,1001.0,D,2024-02-16,-2.1482968378162575
158,Josh Gottheimer,2024-02-15,2024-01-11,PTEN,Purchase,"$1,001 - $15,000",Representatives,1001.0,D,2024-02-16,2.6383014435463763
159,Josh Gottheimer,2024-02-15,2024-01-11,ALGM,Purchase,"$1,001 - $15,000",Representatives,1001.0,D,2024-02-16,-0.32000122070312503
119,Victoria Spartz,2024-02-15,2024-02-02,SPG,Purchase,"$50,001 - $100,000",Representatives,50001.0,R,2024-02-16,1.3243288607210726
161,Josh Gottheimer,2024-02-15,2024-01-11,SHLS,Purchase,"$1,001 - $15,000",Representatives,1001.0,D,2024-02-16,-0.4854364437391164
163,Jonathan Jackson,2024-02-15,2024-01-08,INTC,Purchase,"$15,001 - $50,000",Representatives,15001.0,D,2024-02-16,-1.225881781793597
146,Jonathan Jackson,2024-02-15,2024-01-12,CAH,Purchase,"$50,001 - $100,000",Representatives,50001.0,D,2024-02-16,-0.46693870951419064
160,Josh Gottheimer,2024-02-15,2024-01-11,OCFC,Purchase,"$1,001 - $15,000",Representatives,1001.0,D,2024-02-16,-1.9925261859617474
117,Thomas H. Kean Jr.,2024-02-20,2024-01-11,BDX,Purchase,"$1,001 - $15,000",Representatives,1001.0,R,2024-02-21,1.936343219146667
116,Thomas H. Kean Jr.,2024-02-20,2024-01-30,PRNDY,Purchase,"$1,001 - $15,000",Representatives,1001.0,R,2024-02-21,1.360944067620815
104,Nancy Pelosi,2024-02-23,2024-02-12,PANW,Purchase,"$500,001 - $1,000,000",Representatives,500001.0,D,2024-02-26,0.0
103,Nancy Pelosi,2024-02-23,2024-02-21,PANW,Purchase,"$100,001 - $250,000",Representatives,100001.0,D,2024-02-26,0.0
102,Pete Sessions,2024-02-29,2024-01-31,COST,Purchase,"$1,001 - $15,000",Representatives,1001.0,R,2024-03-01,0.7460763935098221
101,Pete Sessions,2024-02-29,2024-02-07,MSFT,Purchase,"$1,001 - $15,000",Representatives,1001.0,R,2024-03-01,0.4496628192858338
99,Pete Sessions,2024-02-29,2024-02-29,AAPL,Purchase,$360.00,Representatives,360.0,R,2024-03-01,-0.60304085083852
94,Earl Blumenauer,2024-03-02,2024-02-12,QCOM,Purchase,"$1,001 - $15,000",Representatives,1001.0,D,2024-03-05,0.0
93,Earl Blumenauer,2024-03-02,2024-02-12,PHG,Purchase,"$1,001 - $15,000",Representatives,1001.0,D,2024-03-05,0.0
97,Earl Blumenauer,2024-03-02,2024-02-12,PFE,Purchase,"$1,001 - $15,000",Representatives,1001.0,D,2024-03-05,0.0
95,Earl Blumenauer,2024-03-02,2024-02-12,AMZN,Purchase,"$15,001 - $50,000",Representatives,15001.0,D,2024-03-05,0.0
92,Thomas R. Carper,2024-03-04,2024-02-16,TGT,Purchase,"$1,001 - $15,000",Senate,1001.0,D,2024-03-04,12.020729402333867
90,Lloyd Doggett,2024-03-05,2024-02-15,PG,Purchase,"$1,001 - $15,000",Representatives,1001.0,D,2024-03-06,0.15691688959770508
37,Josh Gottheimer,2024-03-07,2024-02-22,AMD,Purchase,"$1,001 - $15,000",Representatives,1001.0,D,2024-03-08,-1.8875983541471162
41,Virginia Foxx,2024-03-07,2024-02-15,ARLP,Purchase,"$1,001 - $15,000",Representatives,1001.0,R,2024-03-08,0.8101258096815664
40,Virginia Foxx,2024-03-07,2024-02-15,ASC,Purchase,"$1,001 - $15,000",Representatives,1001.0,R,2024-03-08,-0.6297253195784832
39,Virginia Foxx,2024-03-07,2024-02-21,ET,Purchase,"$1,001 - $15,000",Representatives,1001.0,R,2024-03-08,-1.0533235801977026
36,Virginia Foxx,2024-03-07,2024-02-23,ARLP,Purchase,"$1,001 - $15,000",Representatives,1001.0,R,2024-03-08,0.8101258096815664
28,Virginia Foxx,2024-03-07,2024-02-27,ASC,Purchase,"$1,001 - $15,000",Representatives,1001.0,R,2024-03-08,-0.6297253195784832
34,Virginia Foxx,2024-03-07,2024-02-23,FLNG,Purchase,"$1,001 - $15,000",Representatives,1001.0,R,2024-03-08,0.3938573606681414
32,Virginia Foxx,2024-03-07,2024-02-26,FLNG,Purchase,"$1,001 - $15,000",Representatives,1001.0,R,2024-03-08,0.3938573606681414
31,Josh Gottheimer,2024-03-07,2024-02-26,LRLCY,Purchase,"$1,001 - $15,000",Representatives,1001.0,D,2024-03-08,0.0
30,Virginia Foxx,2024-03-07,2024-02-26,ARLP,Purchase,"$1,001 - $15,000",Representatives,1001.0,R,2024-03-08,0.8101258096815664
44,Josh Gottheimer,2024-03-07,2024-02-13,MSFT,Purchase,"$500,001 - $1,000,000",Representatives,500001.0,D,2024-03-08,-0.7136953911104149
26,Pete Sessions,2024-03-07,2024-02-29,V,Purchase,"$1,001 - $15,000",Representatives,1001.0,R,2024-03-08,0.6396890378880337
35,Virginia Foxx,2024-03-07,2024-02-23,ASC,Purchase,"$1,001 - $15,000",Representatives,1001.0,R,2024-03-08,-0.6297253195784832
45,Josh Gottheimer,2024-03-07,2024-02-13,CHRD,Purchase,"$1,001 - $15,000",Representatives,1001.0,D,2024-03-08,-0.81001918865681
42,Josh Gottheimer,2024-03-07,2024-02-13,MSFT,Purchase,"$1,000,001 - $5,000,000",Representatives,1000001.0,D,2024-03-08,-0.7136953911104149
50,Josh Gottheimer,2024-03-07,2024-02-12,MSFT,Purchase,"$1,000,001 - $5,000,000",Representatives,1000001.0,D,2024-03-08,-0.7136953911104149
48,Josh Gottheimer,2024-03-07,2024-02-13,DBSDY,Purchase,"$1,001 - $15,000",Representatives,1001.0,D,2024-03-08,-0.19708767345350456
88,Virginia Foxx,2024-03-07,2024-02-01,HTGC,Purchase,"$1,001 - $15,000",Representatives,1001.0,R,2024-03-08,-0.22038021498289115
79,Virginia Foxx,2024-03-07,2024-02-02,FLNG,Purchase,"$1,001 - $15,000",Representatives,1001.0,R,2024-03-08,0.3938573606681414
78,Virginia Foxx,2024-03-07,2024-02-02,T$A,Purchase,"$1,001 - $15,000",Representatives,1001.0,R,2024-03-08,0.0
77,Virginia Foxx,2024-03-07,2024-02-05,ASC,Purchase,"$1,001 - $15,000",Representatives,1001.0,R,2024-03-08,-0.6297253195784832
76,Virginia Foxx,2024-03-07,2024-02-07,FLNG,Purchase,"$1,001 - $15,000",Representatives,1001.0,R,2024-03-08,0.3938573606681414
67,Josh Gottheimer,2024-03-07,2024-02-08,BKNG,Purchase,"$1,001 - $15,000",Representatives,1001.0,D,2024-03-08,0.22830619088017784
68,Josh Gottheimer,2024-03-07,2024-02-08,KKR,Purchase,"$1,001 - $15,000",Representatives,1001.0,D,2024-03-08,0.6838111308330546
63,Josh Gottheimer,2024-03-07,2024-02-09,BKNG,Purchase,"$1,001 - $15,000",Representatives,1001.0,D,2024-03-08,0.22830619088017784
60,Michael C. Burgess,2024-03-07,2024-02-12,ILMN,Purchase,"$15,001 - $50,000",Representatives,15001.0,R,2024-03-08,-0.4191230325137868
59,Josh Gottheimer,2024-03-07,2024-02-12,MSFT,Purchase,"$1,000,001 - $5,000,000",Representatives,1000001.0,D,2024-03-08,-0.7136953911104149
58,Josh Gottheimer,2024-03-07,2024-02-12,MSFT,Purchase,"$1,000,001 - $5,000,000",Representatives,1000001.0,D,2024-03-08,-0.7136953911104149
56,Josh Gottheimer,2024-03-07,2024-02-12,MSFT,Purchase,"$500,001 - $1,000,000",Representatives,500001.0,D,2024-03-08,-0.7136953911104149
54,Josh Gottheimer,2024-03-07,2024-02-12,MSFT,Purchase,"$1,000,001 - $5,000,000",Representatives,1000001.0,D,2024-03-08,-0.7136953911104149
66,Virginia Foxx,2024-03-07,2024-02-09,FLNG,Purchase,"$1,001 - $15,000",Representatives,1001.0,R,2024-03-08,0.3938573606681414
17,Kevin Hern,2024-03-12,2024-02-20,ACN,Purchase,"$1,001 - $15,000",Representatives,1001.0,R,2024-03-13,-0.4625761445555264
15,William R. Keating,2024-03-12,2024-02-28,TDG,Purchase,"$1,001 - $15,000",Representatives,1001.0,D,2024-03-13,0.36090873476519936
16,Michael Patrick Guest,2024-03-12,2024-02-20,NVDA,Purchase,"$1,001 - $15,000",Representatives,1001.0,R,2024-03-13,-1.115185005989099
18,Kevin Hern,2024-03-12,2024-02-15,MMC,Purchase,"$1,001 - $15,000",Representatives,1001.0,R,2024-03-13,0.2652460944197797
23,Kevin Hern,2024-03-12,2024-02-13,TXN,Purchase,"$1,001 - $15,000",Representatives,1001.0,R,2024-03-13,-1.2128205600481787
20,Kevin Hern,2024-03-12,2024-02-14,OKE,Purchase,"$1,001 - $15,000",Representatives,1001.0,R,2024-03-13,-0.6825483179420659
21,Kevin Hern,2024-03-12,2024-02-14,OKE,Purchase,"$1,001 - $15,000",Representatives,1001.0,R,2024-03-13,-0.6825483179420659
22,Kevin Hern,2024-03-12,2024-02-13,TXN,Purchase,"$1,001 - $15,000",Representatives,1001.0,R,2024-03-13,-1.2128205600481787
19,Earl Blumenauer,2024-03-12,2024-02-15,NWN,Purchase,"$1,001 - $15,000",Representatives,1001.0,D,2024-03-13,-2.040817564552858
9,Shelley Moore Capito,2024-03-15,2024-02-23,SBUX,Purchase,"$15,001 - $50,000",Senate,15001.0,R,2024-03-15,0.0
8,Shelley Moore Capito,2024-03-15,2024-02-27,ZTS,Purchase,"$15,001 - $50,000",Senate,15001.0,R,2024-03-15,0.0
7,Tommy Tuberville,2024-03-15,2024-02-12,HUMA,Purchase,"$15,001 - $50,000",Senate,15001.0,R,2024-03-15,0.0
4,Tommy Tuberville,2024-03-15,2024-02-27,GOGL,Purchase,"$50,001 - $100,000",Senate,50001.0,R,2024-03-15,0.0
3,Tommy Tuberville,2024-03-15,2024-02-27,PFE,Purchase,"$1,001 - $15,000",Senate,1001.0,R,2024-03-15,0.0
1,Tommy Tuberville,2024-03-15,2024-02-27,SBLK,Purchase,"$50,001 - $100,000",Senate,50001.0,R,2024-03-15,0.0
0,Tommy Tuberville,2024-03-15,2024-02-27,SSBK,Purchase,"$50,001 - $100,000",Senate,50001.0,R,2024-03-15,0.0
